Date,Name,Year,Letterboxd URI
2023-01-01,Inside,2007,https://boxd.it/1QqG
2023-01-01,Session 9,2001,https://boxd.it/1UXu
2023-01-01,Creepshow,1982,https://boxd.it/1KqU
2023-01-01,Dead of Night,1945,https://boxd.it/1PQI
2023-01-01,Black Sunday,1960,https://boxd.it/1rlG
2023-01-02,Village of the Damned,1960,https://boxd.it/1T7C
2023-01-02,The Vanishing,1988,https://boxd.it/1ZTW
2023-01-02,Tales from the Gimli Hospital,1988,https://boxd.it/Y4G
2023-01-02,Henry: Portrait of a Serial Killer,1986,https://boxd.it/1VCM
2023-01-02,Of Mice and Men,1939,https://boxd.it/Avy
2023-01-02,12 Years a Slave,2013,https://boxd.it/2D2e
2023-01-03,The Searchers,1956,https://boxd.it/25HC
2023-01-03,On the Waterfront,1954,https://boxd.it/29TC
2023-01-03,The Grapes of Wrath,1940,https://boxd.it/2a2u
2023-01-03,Mr. Smith Goes to Washington,1939,https://boxd.it/25Ms
2023-01-03,High Noon,1952,https://boxd.it/2aGa
2023-01-03,All About Eve,1950,https://boxd.it/29LI
2023-01-03,Double Indemnity,1944,https://boxd.it/297I
2023-01-03,The Treasure of the Sierra Madre,1948,https://boxd.it/25Lk
2023-01-03,The Bridge on the River Kwai,1957,https://boxd.it/29wo
2023-01-03,The Best Years of Our Lives,1946,https://boxd.it/29my
2023-01-03,Bonnie and Clyde,1967,https://boxd.it/2ajg
2023-01-03,Midnight Cowboy,1969,https://boxd.it/25Hi
2023-01-03,Shane,1953,https://boxd.it/25Ig
2023-01-03,A Streetcar Named Desire,1951,https://boxd.it/29Mc
2023-01-03,M*A*S*H,1970,https://boxd.it/29U6
2023-01-03,Nashville,1975,https://boxd.it/25GE
2023-01-03,Duck Soup,1933,https://boxd.it/25PG
2023-01-03,Sullivan's Travels,1941,https://boxd.it/1Ko0
2023-01-03,American Graffiti,1973,https://boxd.it/29us
2023-01-03,Cabaret,1972,https://boxd.it/1Vpe
2023-01-03,Network,1976,https://boxd.it/1VqG
2023-01-03,The African Queen,1951,https://boxd.it/2ai8
2023-01-03,Who's Afraid of Virginia Woolf?,1966,https://boxd.it/2atK
2023-01-03,Tootsie,1982,https://boxd.it/1YkG
2023-01-03,Butch Cassidy and the Sundance Kid,1969,https://boxd.it/29Vy
2023-01-03,In the Heat of the Night,1967,https://boxd.it/1VLY
2023-01-03,All the President's Men,1976,https://boxd.it/29lU
2023-01-03,The Wild Bunch,1969,https://boxd.it/2a5y
2023-01-03,Easy Rider,1969,https://boxd.it/29Ys
2023-01-03,A Night at the Opera,1935,https://boxd.it/17G0
2023-01-03,Swing Time,1936,https://boxd.it/1DGw
2023-01-03,Sophie's Choice,1982,https://boxd.it/1Lzy
2023-01-03,The French Connection,1971,https://boxd.it/296g
2023-01-03,The Last Picture Show,1971,https://boxd.it/1weg
2023-01-03,Yankee Doodle Dandy,1942,https://boxd.it/25LO
2023-01-03,Ben-Hur,1959,https://boxd.it/29RQ
2023-01-03,All Quiet on the Western Front,1930,https://boxd.it/2b2g
2023-01-03,The Third Man,1949,https://boxd.it/294E
2023-01-03,Stagecoach,1939,https://boxd.it/297S
2023-01-03,The Manchurian Candidate,1962,https://boxd.it/299Y
2023-01-03,Wuthering Heights,1939,https://boxd.it/25Mi
2023-01-03,Giant,1956,https://boxd.it/28fQ
2023-01-03,Mutiny on the Bounty,1935,https://boxd.it/1S5K
2023-01-03,Patton,1970,https://boxd.it/1UnQ
2023-01-03,The Jazz Singer,1927,https://boxd.it/29ek
2023-01-03,A Place in the Sun,1951,https://boxd.it/1vlg
2023-01-12,Pet Sematary,1989,https://boxd.it/1ZBy
2023-01-26,Rabid,1977,https://boxd.it/1nuk
2023-02-04,House,1985,https://boxd.it/1TTG
2023-02-23,Happy Birthday to Me,1981,https://boxd.it/179U
2023-02-23,The Mask,1961,https://boxd.it/maw
2023-03-17,Tetsuo: The Iron Man,1989,https://boxd.it/ZoM
2023-04-02,Slap Shot,1977,https://boxd.it/1TtS
2023-04-03,The City of the Dead,1960,https://boxd.it/12Zc
2023-04-06,The Andromeda Strain,1971,https://boxd.it/1W4Q
2023-04-06,The Curse of the Cat People,1944,https://boxd.it/1pB8
2023-04-22,Bud Abbott and Lou Costello Meet Frankenstein,1948,https://boxd.it/25O4
2023-04-23,The Mole People,1956,https://boxd.it/Zc2
2023-04-29,The Cat and the Canary,1927,https://boxd.it/2ECC
2023-05-08,Into the Wild,2007,https://boxd.it/22m2
2023-05-08,Speed Racer,2008,https://boxd.it/20UQ
2023-05-15,The Birdcage,1996,https://boxd.it/1UTi
2023-05-18,The Cameraman,1928,https://boxd.it/1jag
2023-05-18,Limelight,1952,https://boxd.it/1osa
2023-05-18,Our Hospitality,1923,https://boxd.it/29Mm
2023-05-18,Seven Chances,1925,https://boxd.it/1gRG
2023-05-18,Three Ages,1923,https://boxd.it/1gNk
2023-07-10,Ready Player One,2018,https://boxd.it/aZes
2023-07-10,Minority Report,2002,https://boxd.it/2aWi
2023-07-10,The Terminal,2004,https://boxd.it/2a2O
2023-07-10,War of the Worlds,2005,https://boxd.it/2bde
2023-07-10,Duel,1971,https://boxd.it/29ui
2023-07-14,The Public Enemy,1931,https://boxd.it/1IdY
2023-07-17,Nights and Weekends,2008,https://boxd.it/J2A
2023-07-17,White Heat,1949,https://boxd.it/1Lw0
2023-07-23,Angels with Dirty Faces,1938,https://boxd.it/1PBI
2023-07-23,Notorious,1946,https://boxd.it/2aDK
2023-08-06,Bullitt,1968,https://boxd.it/29i2
2023-08-06,The Great Escape,1963,https://boxd.it/22kA
2023-08-06,The Magnificent Seven,1960,https://boxd.it/29bA
2023-09-05,Ocean's Eleven,1960,https://boxd.it/2aEo
2023-09-06,Leonor Will Never Die,2022,https://boxd.it/yoJQ
2023-09-06,Shadow of a Doubt,1943,https://boxd.it/1BtA
2023-09-09,Peggy Sue Got Married,1986,https://boxd.it/1XiO
2023-09-12,The Amityville Horror,1979,https://boxd.it/1TPk
2023-09-14,Rumble Fish,1983,https://boxd.it/2aOI
2023-09-14,Jack,1996,https://boxd.it/21au
2023-09-14,Twixt,2011,https://boxd.it/2IFU
2023-09-14,The Cotton Club,1984,https://boxd.it/27kK
2023-09-15,RoboCop,1987,https://boxd.it/22Wu
2023-09-21,La Dolce Vita,1960,https://boxd.it/2anC
2023-09-21,Nights of Cabiria,1957,https://boxd.it/1F7e
2023-09-23,Shame,1968,https://boxd.it/1tZo
2023-09-24,Thunder,2022,https://boxd.it/BP0k
2023-09-26,The Heiress,1949,https://boxd.it/1pi6
2023-09-26,All About My Mother,1999,https://boxd.it/2b9c
2023-09-27,Fingernails,2023,https://boxd.it/tJ82
2023-09-27,How to Blow Up a Pipeline,2022,https://boxd.it/C69e
2023-09-30,Halloween: Resurrection,2002,https://boxd.it/1TQs
2023-10-01,Dog Star Man,1965,https://boxd.it/eQCS
2023-10-01,Foe,2023,https://boxd.it/sy7U
2023-10-02,Raskolnikow,1923,https://boxd.it/5ow0
2023-10-02,The Hands of Orlac,1924,https://boxd.it/261W
2023-10-02,Genuine: The Tragedy of a Vampire,1920,https://boxd.it/2ZH4
2023-10-02,Frankenstein,1910,https://boxd.it/265a
2023-10-02,The Phantom Carriage,1921,https://boxd.it/l4s
2023-10-02,The Haunted House,1921,https://boxd.it/BAO
2023-10-02,Waxworks,1924,https://boxd.it/1rBu
2023-10-02,Faust,1926,https://boxd.it/1Vxi
2023-10-02,The Man Who Laughs,1928,https://boxd.it/1rCi
2023-10-05,Throne of Blood,1957,https://boxd.it/251w
2023-10-06,Force Majeure,2014,https://boxd.it/7UcA
2023-10-07,Bringing Out the Dead,1999,https://boxd.it/1ZZK
2023-10-07,The Age of Innocence,1993,https://boxd.it/1WgM
2023-10-07,Silence,2016,https://boxd.it/2cAo
2023-10-07,The Aviator,2004,https://boxd.it/26BU
2023-10-07,After Hours,1985,https://boxd.it/1VfS
2023-10-07,Casino,1995,https://boxd.it/2ads
2023-10-07,Halloween H20: 20 Years Later,1998,https://boxd.it/1TgE
2023-10-08,The Sentinel,1977,https://boxd.it/1HoG
2023-10-08,Youngblood,1986,https://boxd.it/1IDM
2023-10-09,Cosmopolis,2012,https://boxd.it/H4O
2023-10-09,Maps to the Stars,2014,https://boxd.it/4WCu
2023-10-09,Crimes of the Future,1970,https://boxd.it/1rX6
2023-10-09,Stereo (Tile 3B of a CAEE Educational Mosaic),1969,https://boxd.it/1f1u
2023-10-09,Fast Company,1979,https://boxd.it/15T2
2023-10-09,Little Woods,2018,https://boxd.it/g76c
2023-10-09,She's Gotta Have It,1986,https://boxd.it/1quC
2023-10-09,Malcolm X,1992,https://boxd.it/27WE
2023-10-10,Un Chien Andalou,1929,https://boxd.it/29Y8
2023-10-10,Night of the Demon,1957,https://boxd.it/1woA
2023-10-10,The Uninvited,1944,https://boxd.it/1KeO
2023-10-10,Island of Lost Souls,1932,https://boxd.it/25TS
2023-10-12,The Empty Man,2020,https://boxd.it/iIWS
2023-10-12,The Avenging Conscience,1914,https://boxd.it/1q1q
2023-10-12,Intolerance: Love's Struggle Throughout the Ages,1916,https://boxd.it/25Qk
2023-10-12,The Symbol of the Unconquered,1920,https://boxd.it/5nMw
2023-10-12,The Girl from Chicago,1932,https://boxd.it/5r02
2023-10-12,Murder In Harlem,1935,https://boxd.it/3Vta
2023-10-16,The Stepford Wives,1975,https://boxd.it/1Sfq
2023-10-16,The House of the Devil,2009,https://boxd.it/1uIe
2023-10-19,Prince of Darkness,1987,https://boxd.it/1ZKq
2023-10-19,Paradise Now,2005,https://boxd.it/2bec
2023-10-21,Song of the Sea,2014,https://boxd.it/3Ic6
2023-10-26,Hot Potato: The Story of The Wiggles,2023,https://boxd.it/D7FM
2023-10-28,Cooties,2014,https://boxd.it/76Ry
2023-11-09,Killer of Sheep,1978,https://boxd.it/1rPc
2023-11-11,Election,1999,https://boxd.it/1YEc
2023-11-22,The Martian,2015,https://boxd.it/8SeG
2023-11-27,To Joy,1950,https://boxd.it/142Q
2023-11-27,Sundown,2021,https://boxd.it/wgbs
2023-12-02,Sick of Myself,2022,https://boxd.it/tEzs
2023-12-15,Cemetery of Splendor,2015,https://boxd.it/9tIo
2023-12-15,Ida,2013,https://boxd.it/6fRg
2023-12-15,The Double,2013,https://boxd.it/4DLW
2023-12-15,Only Lovers Left Alive,2013,https://boxd.it/4O1U
2023-12-15,The Invitation,2015,https://boxd.it/9OUU
2023-12-15,Beast,2017,https://boxd.it/gSOK
2023-12-15,Blindspotting,2018,https://boxd.it/hDMw
2023-12-15,Waves,2019,https://boxd.it/jpmy
2023-12-15,The Assistant,2019,https://boxd.it/neWo
2023-12-15,Sound of Metal,2019,https://boxd.it/i7Q4
2023-12-31,Women Is Losers,2021,https://boxd.it/n45a
2024-01-07,A Single Man,2009,https://boxd.it/1dx4
2024-02-12,Inside Llewyn Davis,2013,https://boxd.it/34Ro
2024-02-18,The Sweet East,2023,https://boxd.it/CcHw
2024-02-19,True Grit,2010,https://boxd.it/Sog
2024-02-19,A Serious Man,2009,https://boxd.it/1RFW
2024-02-19,The Ladykillers,2004,https://boxd.it/22Z4
2024-02-19,Badlands,1973,https://boxd.it/25Fm
2024-02-24,Barton Fink,1991,https://boxd.it/2aFQ
2024-02-24,Let's Scare Jessica to Death,1971,https://boxd.it/1KI0
2024-03-19,Waikiki,2020,https://boxd.it/s0ts
2024-03-19,Merata: How Mum Decolonised the Screen,2018,https://boxd.it/jm8I
2024-03-19,The Dead Lands,2014,https://boxd.it/8KJm
2024-03-23,Humane,2024,https://boxd.it/ypIY
2024-04-04,Girl with Hyacinths,1950,https://boxd.it/2S32
2024-04-18,A Cure for Wellness,2016,https://boxd.it/bkQW
2024-04-23,THX 1138,1971,https://boxd.it/29Ww
2024-04-30,The Room,2003,https://boxd.it/1ICY
2024-05-03,Inside Man,2006,https://boxd.it/2auS
2024-05-05,Computer Chess,2013,https://boxd.it/4Y1g
2024-05-06,Orlando,1992,https://boxd.it/1Z1K
2024-05-07,Alam,2022,https://boxd.it/zKqe
2024-05-07,In Flames,2023,https://boxd.it/G0M8
2024-05-08,Lamb,2021,https://boxd.it/tFwE
2024-05-09,Handling the Undead,2024,https://boxd.it/CBvq
2024-05-09,Firebrand,2023,https://boxd.it/w0SA
2024-05-09,Good One,2024,https://boxd.it/Gsyo
2024-05-10,Tiger Stripes,2023,https://boxd.it/ELrs
2024-05-11,Detroit,2017,https://boxd.it/el3C
2024-05-19,The 'Burbs,1989,https://boxd.it/1SDi
2024-05-24,Niagara,1953,https://boxd.it/1Ef2
2024-06-04,Magnolia,1999,https://boxd.it/2aze
2024-06-06,The Diary of a Teenage Girl,2015,https://boxd.it/7kru
2024-06-06,Medicine for Melancholy,2008,https://boxd.it/1wPc
2024-06-06,But I'm a Cheerleader,1999,https://boxd.it/1CW4
2024-06-08,City of God,2002,https://boxd.it/2a2a
2024-06-08,The Passion of Joan of Arc,1928,https://boxd.it/29DO
2024-06-08,Grey Gardens,1975,https://boxd.it/1INM
2024-06-08,Drive,2011,https://boxd.it/IG
2024-06-08,Lady Vengeance,2005,https://boxd.it/248G
2024-06-11,Sacramento,2024,https://boxd.it/vMTO
2024-06-13,That Obscure Object of Desire,1977,https://boxd.it/22zg
2024-06-13,Volver,2006,https://boxd.it/2aQO
2024-06-15,Something You Said Last Night,2022,https://boxd.it/C6Xe
2024-06-20,The Taste of Things,2023,https://boxd.it/Arke
2024-06-23,Enter the Void,2009,https://boxd.it/1dy2
2024-06-23,Sunshine,2007,https://boxd.it/28Xy
2024-06-23,Never Let Me Go,2010,https://boxd.it/Xw0
2024-06-30,Andaz Apna Apna,1994,https://boxd.it/l4C
2024-07-09,Beverly Hills Cop,1984,https://boxd.it/2baE
2024-07-09,Janet Planet,2023,https://boxd.it/DdWu
2024-07-09,I Used to Be Funny,2023,https://boxd.it/yzvU
2024-07-09,Uptown Girls,2003,https://boxd.it/1N64
2024-07-11,Black Bear,2020,https://boxd.it/n8ru
2024-07-11,Blue Valentine,2010,https://boxd.it/MxG
2024-07-11,Women on the Verge of a Nervous Breakdown,1988,https://boxd.it/24GI
2024-07-11,21 Grams,2003,https://boxd.it/2ajK
2024-07-11,The Dreamers,2003,https://boxd.it/28X4
2024-07-13,Raising Arizona,1987,https://boxd.it/2avQ
2024-07-13,Pride,2014,https://boxd.it/6TwM
2024-07-13,Big Fish,2003,https://boxd.it/2a3M
2024-07-13,The Daytrippers,1996,https://boxd.it/F9i
2024-07-13,Gia,1998,https://boxd.it/1NUo
2024-07-18,EuroTrip,2004,https://boxd.it/1YTQ
2024-07-26,Incantation,2022,https://boxd.it/wFiI
2024-07-28,Phantom of the Paradise,1974,https://boxd.it/1s34
2024-07-29,Black Sabbath,1963,https://boxd.it/1qoa
2024-07-29,City on Fire,1987,https://boxd.it/XGY
2024-07-29,Kiss Me Deadly,1955,https://boxd.it/1HHe
2024-08-01,The Swimmer,1968,https://boxd.it/1ffG
2024-08-01,Buffalo '66,1998,https://boxd.it/1YC6
2024-08-02,Nightbreed,1990,https://boxd.it/1Dq4
2024-08-03,Sunrise: A Song of Two Humans,1927,https://boxd.it/29Xk
2024-08-04,Alien³,1992,https://boxd.it/20zS
2024-08-05,Slaxx,2020,https://boxd.it/ml7K
2024-08-09,Red Rocket,2021,https://boxd.it/sGpi
2024-08-13,The Coffee Table,2022,https://boxd.it/DY2e
2024-08-13,Black Death,2010,https://boxd.it/ZUI
2024-08-15,On the Beach,1959,https://boxd.it/1cpe
2024-08-15,"I Was Born, But...",1932,https://boxd.it/1pS4
2024-08-15,"One, Two, Three",1961,https://boxd.it/2ap4
2024-08-15,The Last Adventure,1967,https://boxd.it/1TWA
2024-08-15,Mississippi Mermaid,1969,https://boxd.it/28oe
2024-08-15,Down by Law,1986,https://boxd.it/28CA
2024-08-15,Only Angels Have Wings,1939,https://boxd.it/Ttw
2024-08-15,Saturday Night,2024,https://boxd.it/Gpfo
2024-08-16,Quest for Fire,1981,https://boxd.it/bRu
2024-08-16,Scaramouche,1952,https://boxd.it/1frW
2024-09-03,The Guest,2014,https://boxd.it/76RS
2024-09-03,The VelociPastor,2018,https://boxd.it/glzW
2024-09-17,The Life of Chuck,2024,https://boxd.it/vMTu
2024-09-24,Revenge,2017,https://boxd.it/gL9g
2024-10-04,Night of the Demon,1980,https://boxd.it/12mY
2024-10-13,Frankenhooker,1990,https://boxd.it/1saE
2024-10-15,Tokyo Sonata,2008,https://boxd.it/1ZxQ
2024-10-28,Winnie-the-Pooh: Blood and Honey 2,2024,https://boxd.it/EPuU
2024-10-31,Papillon,1973,https://boxd.it/22kK
2024-11-21,The Lost Daughter,2021,https://boxd.it/kgww
2024-11-21,Charisma,1999,https://boxd.it/2ogU
2024-11-21,Rez Ball,2024,https://boxd.it/wpJy
2024-11-22,Dog Day Afternoon,1975,https://boxd.it/29bg
2024-11-23,The Outrun,2024,https://boxd.it/txPo
2024-11-23,Scent of a Woman,1992,https://boxd.it/1YAu
2024-11-25,Don't Open Till Christmas,1984,https://boxd.it/2Yke
2024-11-26,Goon,2011,https://boxd.it/2B6o
2024-11-28,My American Uncle,1980,https://boxd.it/13qC
2024-12-03,On Becoming a Guinea Fowl,2024,https://boxd.it/EXzS
2024-12-03,How to Make Millions Before Grandma Dies,2024,https://boxd.it/FLa4
2024-12-08,Bambi: The Reckoning,2025,https://boxd.it/DIUk
2024-12-09,Kung Fu Hustle,2004,https://boxd.it/1YBi
2024-12-23,I Believe in Unicorns,2014,https://boxd.it/7qGA
2024-12-24,The Day of the Beast,1995,https://boxd.it/1Vyg
2024-12-27,All We Imagine as Light,2024,https://boxd.it/yXaQ
2024-12-27,Cries and Whispers,1972,https://boxd.it/1WK8
2025-01-03,Nightbitch,2024,https://boxd.it/rk8s
2025-01-04,Mysterious Skin,2004,https://boxd.it/1UsG
2025-01-04,Thirteen,2003,https://boxd.it/1UPK
2025-01-04,Before the Devil Knows You're Dead,2007,https://boxd.it/20Jy
2025-01-05,Stopmotion,2023,https://boxd.it/vHYa
2025-01-06,Kingdom of Heaven,2005,https://boxd.it/28Gs
2025-01-06,The Childhood of a Leader,2015,https://boxd.it/aRce
2025-01-06,Hell House LLC,2015,https://boxd.it/cdjy
2025-01-06,Fire in the Sky,1993,https://boxd.it/1LS6
2025-01-06,Butterfly Kisses,2018,https://boxd.it/hgWo
2025-01-06,Last Shift,2014,https://boxd.it/9nda
2025-01-06,The Exorcism of Emily Rose,2005,https://boxd.it/200I
2025-01-06,High Tension,2003,https://boxd.it/1WLU
2025-01-06,Threads,1984,https://boxd.it/1I0g
2025-01-07,The Piano,1993,https://boxd.it/29Kq
2025-01-07,The Elephant Man,1980,https://boxd.it/27LQ
2025-01-07,Andrei Rublev,1966,https://boxd.it/29lg
2025-01-07,Opening Night,1977,https://boxd.it/1f4e
2025-01-07,Viridiana,1961,https://boxd.it/24eE
2025-01-07,The Loneliness of the Long Distance Runner,1962,https://boxd.it/1KOM
2025-01-07,Sunday Bloody Sunday,1971,https://boxd.it/OlW
2025-01-07,Petulia,1968,https://boxd.it/Wpi
2025-01-09,"Jeanne Dielman, 23, quai du Commerce, 1080 Bruxelles",1975,https://boxd.it/T18
2025-01-09,Insomnia,2002,https://boxd.it/2aB0
2025-01-09,Winter's Bone,2010,https://boxd.it/14FI
2025-01-10,Strange Days,1995,https://boxd.it/2aGO
2025-01-10,Point Break,1991,https://boxd.it/2958
2025-01-10,K-19: The Widowmaker,2002,https://boxd.it/1ZYs
2025-01-11,Sideways,2004,https://boxd.it/1Y5c
2025-01-13,Opus,2025,https://boxd.it/JBMA
2025-01-18,MadS,2024,https://boxd.it/M8qQ
2025-01-19,American History X,1998,https://boxd.it/2bdo
2025-01-20,Red Rooms,2023,https://boxd.it/ym4c
2025-01-21,Almost Famous,2000,https://boxd.it/29CQ
2025-01-27,Bon Cop Bad Cop,2006,https://boxd.it/1MV6
2025-01-27,Mommy,2014,https://boxd.it/7Uau
2025-01-27,Shattered Glass,2003,https://boxd.it/1PXa
2025-01-27,Deadly Eyes,1982,https://boxd.it/Gjy
2025-01-27,Fubar,2002,https://boxd.it/1OZ0
2025-02-04,The Girl with the Needle,2024,https://boxd.it/KQ3M
2025-02-04,Twinless,2025,https://boxd.it/LkKc
2025-02-06,The Faculty,1998,https://boxd.it/1Z5C
2025-02-06,The People Under the Stairs,1991,https://boxd.it/1QMC
2025-02-08,August 32nd on Earth,1998,https://boxd.it/hY2
2025-02-08,Maelström,2000,https://boxd.it/1caI
2025-02-11,In the Mouth of Madness,1994,https://boxd.it/26vi
2025-02-11,Absentia,2011,https://boxd.it/2yWw
2025-02-11,The Post,2017,https://boxd.it/fTeG
2025-02-11,Lincoln,2012,https://boxd.it/2n2s
2025-02-11,Bridge of Spies,2015,https://boxd.it/9n9C
2025-02-11,War Horse,2011,https://boxd.it/nf8
2025-02-11,Empire of the Sun,1987,https://boxd.it/1X4i
2025-02-11,Munich,2005,https://boxd.it/2a0e
2025-02-11,Amistad,1997,https://boxd.it/1SZ4
2025-02-11,The Sugarland Express,1974,https://boxd.it/23la
2025-02-11,1941,1979,https://boxd.it/1TF0
2025-02-11,Always,1989,https://boxd.it/1U3G
2025-02-11,"What's Up, Doc?",1972,https://boxd.it/21iy
2025-02-13,Coherence,2013,https://boxd.it/6xza
2025-02-14,Dracula Untold,2014,https://boxd.it/H4u
2025-02-15,Lars and the Real Girl,2007,https://boxd.it/21tG
2025-02-16,The White Ribbon,2009,https://boxd.it/17eU
2025-02-16,Before Sunset,2004,https://boxd.it/2bcg
2025-02-16,Take Me Home Tonight,2011,https://boxd.it/CYM
2025-02-16,Being John Malkovich,1999,https://boxd.it/2ahu
2025-02-18,Invaders from Mars,1986,https://boxd.it/1i8S
2025-02-18,Sorcerer,1977,https://boxd.it/14J6
2025-02-18,Cruising,1980,https://boxd.it/1qzW
2025-02-18,To Live and Die in L.A.,1985,https://boxd.it/1XFo
2025-02-18,Killer Joe,2011,https://boxd.it/2vtQ
2025-02-18,Rules of Engagement,2000,https://boxd.it/1Wa0
2025-02-18,Creepy,2016,https://boxd.it/dfd0
2025-02-18,First Cow,2019,https://boxd.it/krga
2025-02-18,Picnic at Hanging Rock,1975,https://boxd.it/1UQe
2025-02-18,We Need to Talk About Kevin,2011,https://boxd.it/2pTS
2025-02-18,You Were Never Really Here,2017,https://boxd.it/dWOS
2025-02-18,Ratcatcher,1999,https://boxd.it/1mSg
2025-02-19,Barking Dogs Never Bite,2000,https://boxd.it/1BLa
2025-02-19,The Beyond,1981,https://boxd.it/1FtY
2025-02-20,Humanist Vampire Seeking Consenting Suicidal Person,2023,https://boxd.it/Blzk
2025-02-20,Sympathy for Mr. Vengeance,2002,https://boxd.it/23WU
2025-02-20,Satantango,1994,https://boxd.it/1j9M
2025-02-20,Memoir of a Snail,2024,https://boxd.it/EgX8
2025-02-21,The Fall,2006,https://boxd.it/1NoM
2025-02-22,Universal Language,2024,https://boxd.it/BlwA
2025-02-24,The Place Beyond the Pines,2012,https://boxd.it/3mDu
2025-02-24,A Separation,2011,https://boxd.it/gvo
2025-02-25,Special Section,1975,https://boxd.it/2MGi
2025-02-26,My Life as a Zucchini,2016,https://boxd.it/dL2y
2025-03-02,The Horror of Frankenstein,1970,https://boxd.it/25ES
2025-03-02,National Lampoon's Loaded Weapon 1,1993,https://boxd.it/1Y9I
2025-03-04,Lumière & Company,1995,https://boxd.it/IHM
2025-03-04,The Art of Self-Defense,2019,https://boxd.it/hf5y
2025-03-04,"Oh, Canada",2024,https://boxd.it/G7TU
2025-03-04,Braindead,1992,https://boxd.it/29Gy
2025-03-04,Dementia 13,1963,https://boxd.it/1prs
2025-03-06,Jim's Room,2025,https://boxd.it/D7u0
2025-03-07,Deliverance,1972,https://boxd.it/1VGk
2025-03-07,The Wages of Fear,1953,https://boxd.it/2aSK
2025-03-09,2073,2024,https://boxd.it/CIPW
2025-03-14,Excalibur,1981,https://boxd.it/1TDI
2025-03-16,Grabbers,2012,https://boxd.it/2XL4
2025-03-16,Intermission,2003,https://boxd.it/1JrM
2025-03-16,My Left Foot: The Story of Christy Brown,1989,https://boxd.it/1WW4
2025-03-16,Hunger,2008,https://boxd.it/1Wso
2025-03-16,The Wind That Shakes the Barley,2006,https://boxd.it/293Q
2025-03-16,The Secret of Kells,2009,https://boxd.it/1sMI
2025-03-19,Harakiri,1962,https://boxd.it/1NTU
2025-03-19,The Human Condition III: A Soldier's Prayer,1961,https://boxd.it/1dIQ
2025-03-19,Next Floor,2008,https://boxd.it/3psY
2025-03-23,The Assassination of Jesse James by the Coward Robert Ford,2007,https://boxd.it/24dG
2025-03-26,The Cell,2000,https://boxd.it/1ZLS
2025-03-26,The Color of Pomegranates,1969,https://boxd.it/1u94
2025-03-29,Miss Sloane,2016,https://boxd.it/d4QA
2025-04-01,Murder Is Easy,2023,https://boxd.it/KO7s
2025-04-01,Primer,2004,https://boxd.it/6YA
2025-04-02,On the Silver Globe,1988,https://boxd.it/1sAM
2025-04-02,The Devil,1972,https://boxd.it/3iRC
2025-04-05,First Reformed,2017,https://boxd.it/go9C
2025-04-05,Slanted,2025,https://boxd.it/Nv2E
2025-04-08,Thank You for Smoking,2005,https://boxd.it/1YOc
2025-04-08,Palm Springs,2020,https://boxd.it/lCXQ
2025-04-09,Dead Silence,2007,https://boxd.it/1OWK
2025-04-15,Fruitvale Station,2013,https://boxd.it/4VRy
2025-04-19,Manchester by the Sea,2016,https://boxd.it/b2L0
2025-04-19,"Synecdoche, New York",2008,https://boxd.it/23zw
2025-04-25,Nirvana the Band the Show,2007,https://boxd.it/GITi
2025-04-26,The Annihilation of Fish,1999,https://boxd.it/FaU
2025-04-27,Dog Soldiers,2002,https://boxd.it/1SRE
2025-04-28,The Invite,,https://boxd.it/zRNY
2025-04-28,The Black Room,1935,https://boxd.it/1sIw
2025-04-28,Adaptation.,2002,https://boxd.it/26mA
2025-04-28,The Man in the Iron Mask,1998,https://boxd.it/1YZO
2025-04-29,Sky Captain and the World of Tomorrow,2004,https://boxd.it/23jS
2025-04-29,Brazil,1985,https://boxd.it/2be2
2025-04-29,Dark City,1998,https://boxd.it/26uk
2025-04-29,Cloud Atlas,2012,https://boxd.it/2W60
2025-05-02,The Beach,2000,https://boxd.it/27T6
2025-05-09,Beowulf,2007,https://boxd.it/26Xw
2025-05-09,The Hunt for Red October,1990,https://boxd.it/28lk
2025-05-09,A Boy,1977,https://boxd.it/bDOA
2025-05-14,Funny Pages,2022,https://boxd.it/lrlm
2025-05-14,Alpha,2025,https://boxd.it/N008
2025-05-14,Girl on Edge,2025,https://boxd.it/UhSq
2025-05-16,The Surrender,2025,https://boxd.it/PKYW
2025-05-21,Battle Royale,2000,https://boxd.it/25zS
2025-05-24,The History of Sound,2025,https://boxd.it/xFY2
2025-05-28,Scouts Guide to the Zombie Apocalypse,2015,https://boxd.it/8i6Q
2025-05-29,Saving Face,2004,https://boxd.it/1Fj0
2025-06-02,There Is No Evil,2020,https://boxd.it/oRVQ
2025-06-02,The White Meadows,2009,https://boxd.it/3nYS
2025-06-03,The Sealed Soil,1977,https://boxd.it/T7A
2025-06-03,Once Upon a Time in China,1991,https://boxd.it/1VOy
2025-06-05,The Ugly Stepsister,2025,https://boxd.it/MZBM